{
  "properties": {
    "connectionReferences": {
      "shared_sharepointonline": {
        "runtimeSource": "embedded",
        "connection": {
          "connectionReferenceLogicalName": "gbr_sharedsharepointonline_ac81d"
        },
        "api": {
          "name": "shared_sharepointonline"
        }
      }
    },
    "definition": {
      "$schema": "https://schema.management.azure.com/providers/Microsoft.Logic/schemas/2016-06-01/workflowdefinition.json#",
      "contentVersion": "undefined",
      "parameters": {
        "$authentication": {
          "defaultValue": {},
          "type": "SecureObject"
        },
        "$connections": {
          "defaultValue": {},
          "type": "Object"
        }
      },
      "triggers": {
        "Recurrence": {
          "recurrence": {
            "frequency": "Day",
            "interval": "1",
            "startTime": "2024-08-24T22:00:00Z"
          },
          "type": "Recurrence"
        }
      },
      "actions": {
        "Obtain_Contests_to_be_deleted": {
          "runAfter": {},
          "type": "OpenApiConnection",
          "inputs": {
            "parameters": {
              "dataset": "https://eauxygene.sharepoint.com/sites/PhotoContest",
              "table": "8f311778-8fb1-4e43-963f-3012bbb77f33",
              "$filter": "Destruction_Deadline lt '@{formatDateTime(utcNow(), 'yyyy-MM-ddTHH:mm:ssZ')}'"
            },
            "host": {
              "apiId": "/providers/Microsoft.PowerApps/apis/shared_sharepointonline",
              "connectionName": "shared_sharepointonline",
              "operationId": "GetItems"
            },
            "authentication": "@parameters('$authentication')"
          }
        },
        "For_Each_Contest": {
          "foreach": "@outputs('Obtain_Contests_to_be_deleted')?['body/value']",
          "actions": {
            "Get_Elements_from_Photo-Contest_Library": {
              "runAfter": {
                "Delete_the_contest": [
                  "Succeeded"
                ]
              },
              "type": "OpenApiConnection",
              "inputs": {
                "parameters": {
                  "dataset": "https://eauxygene.sharepoint.com/sites/PhotoContest",
                  "table": "da29731b-5cbc-461a-9f88-a0e7f363d768",
                  "$filter": "ID_Entity eq '@{item()?['ID']}'"
                },
                "host": {
                  "apiId": "/providers/Microsoft.PowerApps/apis/shared_sharepointonline",
                  "connectionName": "shared_sharepointonline",
                  "operationId": "GetItems"
                },
                "authentication": "@parameters('$authentication')"
              }
            },
            "Get_Elements_from_Photo-Contest_Users": {
              "runAfter": {
                "Delete_the_contest": [
                  "Succeeded"
                ]
              },
              "type": "OpenApiConnection",
              "inputs": {
                "parameters": {
                  "dataset": "https://eauxygene.sharepoint.com/sites/PhotoContest",
                  "table": "bf91502f-0b21-4cdc-8fb2-361515e05bd6",
                  "$filter": "User_App_Entity eq '@{item()?['ID']}'"
                },
                "host": {
                  "apiId": "/providers/Microsoft.PowerApps/apis/shared_sharepointonline",
                  "connectionName": "shared_sharepointonline",
                  "operationId": "GetItems"
                },
                "authentication": "@parameters('$authentication')"
              }
            },
            "Get_Elements_from_Photo-Contest_Votes": {
              "runAfter": {
                "Delete_the_contest": [
                  "Succeeded"
                ]
              },
              "type": "OpenApiConnection",
              "inputs": {
                "parameters": {
                  "dataset": "https://eauxygene.sharepoint.com/sites/PhotoContest",
                  "table": "0ebb68a3-46e8-4002-9b43-178cd4f74828",
                  "$filter": "ID_Entity eq '@{item()?['ID']}'"
                },
                "host": {
                  "apiId": "/providers/Microsoft.PowerApps/apis/shared_sharepointonline",
                  "connectionName": "shared_sharepointonline",
                  "operationId": "GetItems"
                },
                "authentication": "@parameters('$authentication')"
              }
            },
            "Get_Elements_from_Photo-Contest_Contests_Labels": {
              "runAfter": {
                "Delete_the_contest": [
                  "Succeeded"
                ]
              },
              "type": "OpenApiConnection",
              "inputs": {
                "parameters": {
                  "dataset": "https://eauxygene.sharepoint.com/sites/PhotoContest",
                  "table": "71e22577-cf04-4e46-a5e9-6e353a8c8c70",
                  "$filter": "ID_Entity eq '@{item()?['ID']}'"
                },
                "host": {
                  "apiId": "/providers/Microsoft.PowerApps/apis/shared_sharepointonline",
                  "connectionName": "shared_sharepointonline",
                  "operationId": "GetItems"
                },
                "authentication": "@parameters('$authentication')"
              }
            },
            "For_each": {
              "foreach": "@outputs('Get_Elements_from_Photo-Contest_Library')?['body/value']",
              "actions": {
                "Delete_each_Image": {
                  "type": "OpenApiConnection",
                  "inputs": {
                    "parameters": {
                      "dataset": "https://eauxygene.sharepoint.com/sites/PhotoContest",
                      "table": "da29731b-5cbc-461a-9f88-a0e7f363d768",
                      "id": "@items('For_each')?['ID']"
                    },
                    "host": {
                      "apiId": "/providers/Microsoft.PowerApps/apis/shared_sharepointonline",
                      "connectionName": "shared_sharepointonline",
                      "operationId": "DeleteItem"
                    },
                    "authentication": "@parameters('$authentication')"
                  }
                }
              },
              "runAfter": {
                "Get_Elements_from_Photo-Contest_Library": [
                  "Succeeded"
                ]
              },
              "type": "Foreach"
            },
            "For_each_1": {
              "foreach": "@outputs('Get_Elements_from_Photo-Contest_Users')?['body/value']",
              "actions": {
                "Delete_users_still_in_the_contest": {
                  "type": "OpenApiConnection",
                  "inputs": {
                    "parameters": {
                      "dataset": "https://eauxygene.sharepoint.com/sites/PhotoContest",
                      "table": "bf91502f-0b21-4cdc-8fb2-361515e05bd6",
                      "id": "@items('For_each_1')?['ID']"
                    },
                    "host": {
                      "apiId": "/providers/Microsoft.PowerApps/apis/shared_sharepointonline",
                      "connectionName": "shared_sharepointonline",
                      "operationId": "DeleteItem"
                    },
                    "authentication": "@parameters('$authentication')"
                  }
                }
              },
              "runAfter": {
                "Get_Elements_from_Photo-Contest_Users": [
                  "Succeeded"
                ]
              },
              "type": "Foreach"
            },
            "For_each_2": {
              "foreach": "@outputs('Get_Elements_from_Photo-Contest_Votes')?['body/value']",
              "actions": {
                "Delete_Votes_on_images_in_the_contest": {
                  "type": "OpenApiConnection",
                  "inputs": {
                    "parameters": {
                      "dataset": "https://eauxygene.sharepoint.com/sites/PhotoContest",
                      "table": "0ebb68a3-46e8-4002-9b43-178cd4f74828",
                      "id": "@items('For_each_2')?['ID']"
                    },
                    "host": {
                      "apiId": "/providers/Microsoft.PowerApps/apis/shared_sharepointonline",
                      "connectionName": "shared_sharepointonline",
                      "operationId": "DeleteItem"
                    },
                    "authentication": "@parameters('$authentication')"
                  }
                }
              },
              "runAfter": {
                "Get_Elements_from_Photo-Contest_Votes": [
                  "Succeeded"
                ]
              },
              "type": "Foreach"
            },
            "For_each_3": {
              "foreach": "@outputs('Get_Elements_from_Photo-Contest_Contests_Labels')?['body/value']",
              "actions": {
                "Delete_Labels_of_the_contest": {
                  "type": "OpenApiConnection",
                  "inputs": {
                    "parameters": {
                      "dataset": "https://eauxygene.sharepoint.com/sites/PhotoContest",
                      "table": "71e22577-cf04-4e46-a5e9-6e353a8c8c70",
                      "id": "@items('For_each_3')?['ID']"
                    },
                    "host": {
                      "apiId": "/providers/Microsoft.PowerApps/apis/shared_sharepointonline",
                      "connectionName": "shared_sharepointonline",
                      "operationId": "DeleteItem"
                    },
                    "authentication": "@parameters('$authentication')"
                  }
                }
              },
              "runAfter": {
                "Get_Elements_from_Photo-Contest_Contests_Labels": [
                  "Succeeded"
                ]
              },
              "type": "Foreach"
            },
            "Delete_the_contest": {
              "type": "OpenApiConnection",
              "inputs": {
                "parameters": {
                  "dataset": "https://eauxygene.sharepoint.com/sites/PhotoContest",
                  "table": "8f311778-8fb1-4e43-963f-3012bbb77f33",
                  "id": "@item()?['ID']"
                },
                "host": {
                  "apiId": "/providers/Microsoft.PowerApps/apis/shared_sharepointonline",
                  "connectionName": "shared_sharepointonline",
                  "operationId": "DeleteItem"
                },
                "authentication": "@parameters('$authentication')"
              }
            }
          },
          "runAfter": {
            "Obtain_Contests_to_be_deleted": [
              "Succeeded"
            ]
          },
          "type": "Foreach"
        }
      }
    },
    "templateName": null
  },
  "schemaVersion": "1.0.0.0"
}