<ImportExportXml xmlns:xsi="http://www.w3.org/2001/XMLSchema-instance">
  <Entities></Entities>
  <Roles></Roles>
  <Workflows>
    <Workflow WorkflowId="{6eba8f26-f662-ef11-a670-0022486fb872}" Name="Photo-Contest - Delete Deadline">
      <JsonFileName>/Workflows/Photo-Contest-DeleteDeadline-6EBA8F26-F662-EF11-A670-0022486FB872.json</JsonFileName>
      <Type>1</Type>
      <Subprocess>0</Subprocess>
      <Category>5</Category>
      <Mode>0</Mode>
      <Scope>4</Scope>
      <OnDemand>0</OnDemand>
      <TriggerOnCreate>0</TriggerOnCreate>
      <TriggerOnDelete>0</TriggerOnDelete>
      <AsyncAutodelete>0</AsyncAutodelete>
      <SyncWorkflowLogOnFailure>0</SyncWorkflowLogOnFailure>
      <StateCode>1</StateCode>
      <StatusCode>2</StatusCode>
      <RunAs>1</RunAs>
      <IsTransacted>1</IsTransacted>
      <IntroducedVersion>1.0.0.2</IntroducedVersion>
      <IsCustomizable>1</IsCustomizable>
      <BusinessProcessType>0</BusinessProcessType>
      <IsCustomProcessingStepAllowedForOtherPublishers>1</IsCustomProcessingStepAllowedForOtherPublishers>
      <PrimaryEntity>none</PrimaryEntity>
      <LocalizedNames>
        <LocalizedName languagecode="1036" description="Photo-Contest - Delete Deadline" />
      </LocalizedNames>
    </Workflow>
  </Workflows>
  <FieldSecurityProfiles></FieldSecurityProfiles>
  <Templates />
  <EntityMaps />
  <EntityRelationships />
  <OrganizationSettings />
  <optionsets />
  <CustomControls />
  <EntityDataProviders />
  <CanvasApps>
    <CanvasApp>
      <Name>gbr_photocontest_dfcf5</Name>
      <AppVersion>2024-08-25T15:35:38Z</AppVersion>
      <Status>Ready</Status>
      <CreatedByClientVersion>3.24082.13.0</CreatedByClientVersion>
      <MinClientVersion>3.24082.13.0</MinClientVersion>
      <Tags>{"primaryDeviceWidth":"1366","primaryDeviceHeight":"768","supportsPortrait":"true","supportsLandscape":"true","primaryFormFactor":"Tablet","showStatusBar":"false","publisherVersion":"3.24082.13","minimumRequiredApiVersion":"2.2.0","hasComponent":"false","hasUnlockedComponent":"false","isUnifiedRootApp":"false","sienaVersion":"20240825T145025Z-3.24082.13.0"}</Tags>
      <IsCdsUpgraded>0</IsCdsUpgraded>
      <GalleryItemId xsi:nil="true"></GalleryItemId>
      <BackgroundColor>rgba(180, 214, 250, 1)</BackgroundColor>
      <DisplayName>Photo-Contest</DisplayName>
      <Description xsi:nil="true"></Description>
      <CommitMessage xsi:nil="true"></CommitMessage>
      <Publisher xsi:nil="true"></Publisher>
      <AuthorizationReferences>[]</AuthorizationReferences>
      <ConnectionReferences>{"00d785cc-4bc6-4ae5-a909-4d8985411063":{"id":"/providers/microsoft.powerapps/apis/shared_sharepointonline","displayName":"SharePoint","iconUri":"https://connectoricons-prod.azureedge.net/u/jayawan/releases/v1.0.1697/1.0.1697.3786/sharepointonline/icon.png","dataSources":["000-Logs","Photo-Contest_Library","Photo-Contest__Contest_Lists","Photo-Contest_Contests_Labels","Photo-Contest_Users","Photo-Contest_Votes","Photo_Contest_Translations"],"dependencies":[],"dependents":[],"parameterHints":{},"parameterHintsV2":{},"isOnPremiseConnection":false,"bypassConsent":false,"dataSets":{"https://eauxygene.sharepoint.com/sites/PhotoContest":{"dataSources":{"000-Logs":{"tableName":"3680e87f-0121-4b0f-b259-05e70dfb9d17"},"Photo-Contest_Library":{"tableName":"da29731b-5cbc-461a-9f88-a0e7f363d768"},"Photo-Contest__Contest_Lists":{"tableName":"8f311778-8fb1-4e43-963f-3012bbb77f33"},"Photo-Contest_Contests_Labels":{"tableName":"71e22577-cf04-4e46-a5e9-6e353a8c8c70"},"Photo-Contest_Users":{"tableName":"bf91502f-0b21-4cdc-8fb2-361515e05bd6"},"Photo-Contest_Votes":{"tableName":"0ebb68a3-46e8-4002-9b43-178cd4f74828"},"Photo_Contest_Translations":{"tableName":"077a9d10-273d-4370-a6b6-e7b7e74f26e0"}}}},"apiTier":"Standard","actions":["providers/PowerPlatform.Governance/Operations/Read","providers/PowerPlatform.Governance/Operations/Write","providers/PowerPlatform.Governance/Operations/Delete"]},"1d958b10-dc71-4d97-bf4d-5c59d5a0df8e":{"id":"/providers/microsoft.powerapps/apis/shared_office365users","displayName":"Utilisateurs d’Office 365","iconUri":"https://connectoricons-prod.azureedge.net/releases/v1.0.1702/1.0.1702.3810/office365users/icon.png","dataSources":["Utilisateursd’Office365"],"dependencies":[],"dependents":[],"parameterHints":{},"parameterHintsV2":{},"isOnPremiseConnection":false,"bypassConsent":false,"dataSets":{},"apiTier":"Standard","actions":["UserProfile","UserPhoto_V2"]}}</ConnectionReferences>
      <DatabaseReferences>{}</DatabaseReferences>
      <AppComponents>[]</AppComponents>
      <AppComponentDependencies>[]</AppComponentDependencies>
      <CanConsumeAppPass>1</CanConsumeAppPass>
      <CanvasAppType>0</CanvasAppType>
      <BypassConsent>0</BypassConsent>
      <AdminControlBypassConsent>0</AdminControlBypassConsent>
      <EmbeddedApp xsi:nil="true"></EmbeddedApp>
      <IntroducedVersion>1.0</IntroducedVersion>
      <CdsDependencies>{"cdsdependencies":[]}</CdsDependencies>
      <IsCustomizable>1</IsCustomizable>
      <BackgroundImageUri>/CanvasApps/gbr_photocontest_dfcf5_BackgroundImageUri</BackgroundImageUri>
      <DocumentUri>/CanvasApps/gbr_photocontest_dfcf5_DocumentUri.msapp</DocumentUri>
      <AdditionalUris>
        <AdditionalUri>/CanvasApps/gbr_photocontest_dfcf5_AdditionalUris0_identity.json</AdditionalUri>
      </AdditionalUris>
    </CanvasApp>
  </CanvasApps>
  <connectionreferences>
    <connectionreference connectionreferencelogicalname="gbr_sharedsharepointonline_ac81d">
      <connectionreferencedisplayname>SharePoint PhotoContest-ac81d</connectionreferencedisplayname>
      <connectorid>/providers/Microsoft.PowerApps/apis/shared_sharepointonline</connectorid>
      <iscustomizable>1</iscustomizable>
      <statecode>0</statecode>
      <statuscode>1</statuscode>
    </connectionreference>
  </connectionreferences>
  <Languages>
    <Language>1036</Language>
  </Languages>
</ImportExportXml>